<extension>
    <id>d_ocmod_manager</id>
    <name>Dream OCMOD Manager</name>
    <description>
	Dream OCMOD Manager
    </description>
    <type>module</type>
    <version>1.0</version>
    <opencart_version>2.0.0.0</opencart_version>
    <mbooth_version>3.0</mbooth_version>
    <author>Dreamvention</author>
    <files>
        <file>admin/controller/module/d_ocmod_manager.php</file>
        <file>admin/model/module/d_ocmod_manager.php</file>
        <file>admin/language/english/module/d_ocmod_manager.php</file>
		<file>admin/language/russian/module/d_ocmod_manager.php</file>
        <file>admin/view/template/module/d_ocmod_manager_list.tpl</file>
		<file>admin/view/template/module/d_ocmod_manager_form.tpl</file>
		<file>system/mbooth/xml/mbooth_d_ocmod_manager.xml</file>
    </files>
	<dirs>
		<dir>admin/view/javascript/shopunity</dir>
	</dirs>
    <required>
        <require>shopunity</require>
    </required>
    <updates>
        <update version="1.0"></update>
    </updates>
</extension>
