<?xml version="1.0" encoding="UTF-8"?>
<modification>
	<id>Popup Button Buy</id>
	<version>1.0.0</version>
	<vqmver>2.5.1</vqmver>
	<author>T1ma</author>
	<file name="catalog/controller/product/product.php">
		<operation>
			<search position="before"><![CDATA[$data['images'] = array();]]></search>
			<add><![CDATA[
				if($product_info['image']){
					$data['box_top_image'] = $this->model_tool_image->resize($product_info['image'], 75, 75);
				}
				else{
					$data['box_top_image'] = $this->model_tool_image->resize('no_image.jpg', 75, 75);
				}
			]]></add>
		</operation>
	</file>
	<file name="catalog/view/theme/*/template/product/product.tpl">
		<operation>
			<search position="before"><![CDATA[<?php echo $header; ?>]]></search>
			<add><![CDATA[
				<style>
				#box-top{
					display: none;
					overflow: hidden;
					background: #FFF;
					position: fixed;
					width: 100%;
					height: 85px;
					z-index: 1000;
					-webkit-box-shadow: 0px 0px 6px 0px #626262;
					-moz-box-shadow: 0px 0px 6px 0px #626262;
					box-shadow: 0px 0px 6px 0px #626262;
					font-size: 1.2em;
				}
				.box-top-info{
					padding: 5px;
				}
				.box-top-info-left{
					float: left;
					width: 450px;
					line-height: 20px;
				}
				.box-top-info-left img{
					float: left;
					margin-right: 5px;
				}
				.box-top-info-left > div{
					float: left;
				}
				.box-top-info-center{
					min-width: 195px;
					text-align: center;
				}
				.box-top-info-right{
					min-width: 170px;
					text-align: right;
					line-height: 75px;
					font-weight: bold;
				}
				.box-top-info-price{
					font-weight: bold;
					font-size: 1.3em;
					margin-bottom: 10px;
				}
				.box-top-info-price .price-old{
					color: #F00;
					text-decoration: line-through;
				}
				</style>
				<div id="box-top"></div>
			]]></add>
		</operation>
		<operation>
			<search position="after" index="1"><![CDATA[<script type="text/javascript"><!--]]></search>
			<add><![CDATA[
			$(document).ready(function(){
				var boxTop = '<div class="box-top-info container"><div class="row">';
						boxTop += '<div class="box-top-info-left col-sm-5">';
							boxTop += '<img src="<?php echo $box_top_image; ?>">';
							boxTop += '<div>';
								boxTop += '<div><b><?php echo $heading_title; ?></b></div>';
								boxTop += '<div>';
									boxTop += '<span><?php echo $text_stock; ?></span> <?php echo $stock; ?><br/>';
									boxTop += '<span><?php echo $text_model; ?></span> <?php echo $model; ?><br/>';
								boxTop += '</div>';
							boxTop += '</div>';
						boxTop += '</div>';
						boxTop += '<div class="box-top-info-center col-sm-2">';
							boxTop += '<div class="box-top-info-price">';
							<?php if ($price){ ?>
								boxTop += '<div>';
								<?php if (!$special) { ?>
									boxTop += '<?php echo $price; ?>';
								<?php } else { ?>
									boxTop += '<span class="price-old"><?php echo $price; ?></span> <span><?php echo $special; ?></span>';
								<?php } ?>
								boxTop += '</div>';
							<?php } ?>
							boxTop += '</div>';
							boxTop += '<input type="button" value="<?php echo $button_cart; ?>" id="box-top-button-cart" class="btn btn-primary btn-lg btn-block" />';
						boxTop += '</div>';
						boxTop += '<div class="box-top-info-right col-sm-2 pull-right">';
							boxTop += $('#cart-total').html();
						boxTop += '</div>';
					boxTop += '</div></div>';
					
				$('#box-top').html(boxTop);
				
				$(window).scroll(function() {
					if($(this).scrollTop() > 300) {
						$('#box-top').fadeIn();	
					} else {
						$('#box-top').fadeOut();
					}
				});
			});
			]]></add>
		</operation>
		<operation>
			<search position="replace"><![CDATA[$('#button-cart').on('click', function() {]]></search>
			<add><![CDATA[$('body').on('click', '#button-cart, #box-top-button-cart', function() {]]></add>
		</operation>
		<operation>
			<search position="before" index="2"><![CDATA[if (json['success']) {]]></search>
			<add><![CDATA[
			if (json['error']) {
				if (json['error']['option']) {
					$('html, body').animate({
						scrollTop: $("#content #product").offset().top-69
					});
				}
			}
			]]></add>
		</operation>
		<operation>
			<search position="after"><![CDATA[$('#cart-total').html(json['total']);]]></search>
			<add><![CDATA[$('.box-top-info-right').html(json['total']);]]></add>
		</operation>
		
		
	</file>
</modification>