<modification>
		<id>KRYD VQMod Plug-In for OpenCart</id>
		<version>1.0.0</version>
		<vqmver>2.0.1</vqmver>
		<author>KRYD GmbH</author>
  
		<file name="system/startup.php">
		  <operation>
				  <search position="after">require_once(DIR_SYSTEM . 'library/template.php');</search>
		    <add><![CDATA[
        require_once(DIR_SYSTEM .'../kryd/api.php');
        
        require_once(VQMod::modCheck(DIR_SYSTEM . 'library/customer.php'));
        
        $registry=new Registry();
        $loader=new Loader($registry);
        $registry->set('load', $loader);
        
        $config=new Config();
        $registry->set('config', $config);
        
        $db=new DB(DB_DRIVER, DB_HOSTNAME, DB_USERNAME, DB_PASSWORD, DB_DATABASE);
        $registry->set('db', $db);
        
        $config->set('config_language_id',1);
        
        $registry->set('customer', new Customer($registry));
        
        $loader->model('setting/setting');
        $model=$registry->get('model_setting_setting');
        
        $data=$model->getSetting('kryd');
        if ($data && count($data)>0) {
          if ($data["kryd_id"] && $data["kryd_key"]) {
            KRYD::id($data["kryd_id"]);
            KRYD::key($data["kryd_key"]);
          }
        }
      ]]></add>
		  </operation>
		</file>
  
		<file name="system/library/response.php">
		  <operation>
				  <search position="after">public function output() {</search>
		    <add><![CDATA[
        if (isset($_GET["kryd_messageid"])) {
          if (isset($_GET["kryd_action"]) && $_GET["kryd_action"]=="basket_restore") {
            global $session;
            if (!isset($session->data["cart"]) || count($session->data["cart"])==0) {
              $basket_items=KRYD::get_basket($_GET["kryd_messageid"]);
              foreach ($basket_items as $bitem) {
                $option=Array();
                $kryd_options=$bitem["options"];
                foreach ($kryd_options as $kopt) {
                  $option[$kopt["option"]]=$kopt["value"];
                }
                $session->data["cart"][intval($bitem["id"]).":".base64_encode(serialize($option)).":"]=intval($bitem["amount"]);
              }
            }
          }
          
          setcookie("kryd_messageid",$_GET["kryd_messageid"],0,"/");
          $_COOKIE["kryd_messageid"]=$_GET["kryd_messageid"];
          KRYD::event("click");
          
          $org_qs=htmlspecialchars_decode($_SERVER["QUERY_STRING"], ENT_COMPAT);
          parse_str($org_qs,$qs);
          
          if (isset($qs["kryd_messageid"])) unset($qs["kryd_messageid"]);
          if (isset($qs["kryd_action"])) unset($qs["kryd_action"]);
          
          $query=http_build_query($qs);
          
          if ($query!=="") $query="?".$query;
          $url=(isset($_SERVER['HTTPS'])=='on'?'https':'http').'://'.$_SERVER['HTTP_HOST'].strtok($_SERVER['REQUEST_URI'],'?').$query;
          header("Location: ".urldecode($url));
          exit;
        }
      ]]></add>
		  </operation>
		</file>

		<file name="catalog/controller/product/product.php">
		  <operation>
				  <search position="after">public function index() {</search>
		    <add>KRYD::event('itemview',Array("itemid"=>$this->request->get['product_id']));</add>
		  </operation>
		</file>
  
		<file name="catalog/model/account/customer.php">
		  <operation>
				  <search position="after">public function addCustomer($data) {</search>
		    <add>
        KRYD::event('register');
      </add>
		  </operation>
		</file>
  
		<file name="catalog/model/account/customer.php">
		  <operation>
				  <search position="after">public function editNewsletter($newsletter) {</search>
		    <add>
        $nl="no";
        if ($newsletter) $nl="yes";
        
        KRYD::event(
        'identify',
          Array(
           "email"=>$this->customer->getEmail(),
           "optin"=>$nl
          )
        );
      </add>
		  </operation>
		</file>

		<file name="system/library/customer.php">
		  <operation>
				  <search position="after"><![CDATA[
      $this->db->query("UPDATE " . DB_PREFIX . "customer SET ip = '" . $this->db->escape($this->request->server['REMOTE_ADDR']) . "' WHERE customer_id = '" . (int)$this->customer_id . "'");
      ]]></search>
		    <add>
        $nl="no";
        if ($this->newsletter) $nl="yes";
        
        KRYD::event('login');
        KRYD::event(
        'identify',
          Array(
           "firstname"=>$this->firstname,
           "lastname"=>$this->lastname,
           "email"=>$this->email,
           "optin"=>$nl
          )
        );
      </add>
		  </operation>
		</file>
  
		<file name="catalog/controller/checkout/guest.php">
		  <operation>
				  <search position="after">$this->session->data['account'] = 'guest';</search>
		    <add>
        KRYD::event(
        'identify',
          Array(
           "firstname"=>$this->request->post['firstname'],
           "lastname"=>$this->request->post['lastname'],
           "email"=>$this->request->post['email']
          )
        );
      </add>
		  </operation>
		</file>
  
		<file name="catalog/controller/checkout/cart.php">
		  <operation>
				  <search position="after">$this->cart->add($this->request->post['product_id'], $quantity, $option, $profile_id);</search>
      <ignoreif>$this->cart->add($this->request->post['product_id'], $quantity, $option);</ignoreif>
  	    <add>
        $kryd_cart_products=Array();
        foreach ($this->cart->getProducts() as $id=>$product) {
          $kryd_cart_product_price=intval($product["price"]);
          
          $kryd_cart_product_options=Array();
          foreach ($product["option"] as $opt) {
            $kryd_cart_product_options[]=Array("option"=>$opt["product_option_id"],"value"=>$opt["product_option_value_id"]);
            if (intval($opt["price"])>0) {
              if ($opt["price_prefix"]=="+") $kryd_cart_product_price+=intval($opt["price"]);
              if ($opt["price_prefix"]=="-") $kryd_cart_product_price-=intval($opt["price"]);
            }
          }
          
          $kryd_cart_products[]=Array("id"=>$product["product_id"],"amount"=>$product["quantity"],"price"=>$kryd_cart_product_price,"options"=>$kryd_cart_product_options);
        }
        KRYD::event('basket',Array("items"=>$kryd_cart_products));
      </add>
		  </operation>
    
		  <operation>
				  <search position="after">$this->cart->add($this->request->post['product_id'], $quantity, $option);</search>
      <ignoreif>$this->cart->add($this->request->post['product_id'], $quantity, $option, $profile_id);</ignoreif>
  	    <add>
        $kryd_cart_products=Array();
        foreach ($this->cart->getProducts() as $id=>$product) {
          $kryd_cart_product_price=intval($product["price"]);
          
          $kryd_cart_product_options=Array();
          foreach ($product["option"] as $opt) {
            $kryd_cart_product_options[]=Array("option"=>$opt["product_option_id"],"value"=>$opt["product_option_value_id"]);
            if (intval($opt["price"])>0) {
              if ($opt["price_prefix"]=="+") $kryd_cart_product_price+=intval($opt["price"]);
              if ($opt["price_prefix"]=="-") $kryd_cart_product_price-=intval($opt["price"]);
            }
          }
          
          $kryd_cart_products[]=Array("id"=>$product["product_id"],"amount"=>$product["quantity"],"price"=>$kryd_cart_product_price,"options"=>$kryd_cart_product_options);
        }
        KRYD::event('basket',Array("items"=>$kryd_cart_products));
      </add>
		  </operation>
		</file>
  
		<file name="catalog/controller/checkout/success.php">
		  <operation>
				  <search position="after">if (isset($this->session->data['order_id'])) {</search>
		    <add>
        $kryd_cart_products=Array();
        foreach ($this->cart->getProducts() as $id=>$product) {
          $kryd_cart_products[]=Array("id"=>$product["product_id"],"amount"=>$product["quantity"],"price"=>$product["price"]);
        }
        KRYD::event('complete',Array("items"=>$kryd_cart_products,"orderid"=>$this->session->data['order_id']));
      </add>
		  </operation>
		</file>
  
		<file name="admin/controller/common/header.php">
		  <operation>
				  <search position="before">$this->data['text_module']</search>
		    <add>
        $this->data['text_kryd']=$this->language->get('text_kryd');
      </add>
		  </operation>
		</file>
  
		<file name="admin/controller/common/header.php">
		  <operation>
				  <search position="before">$this->data['module']</search>
		    <add>
        $this->data['kryd']=$this->url->link('custom/kryd', 'token=' . $this->session->data['token'], 'SSL');
      </add>
		  </operation>
		</file>
  
		<file name="admin/language/english/common/header.php">
		  <operation>
				  <search position="before">$_['text_module']</search>
		    <add>
        $_['text_kryd']='KRYD';
      </add>
		  </operation>
		</file>
  
		<file name="admin/view/template/common/header.tpl">
		  <operation>
				  <search position="after"><![CDATA[<li><a href="<?php echo $feed; ?>"><?php echo $text_feed; ?></a></li>]]></search>
		    <add>
        <![CDATA[<li><a href="<?php echo $kryd; ?>"><?php echo $text_kryd; ?></a></li>]]>
      </add>
		  </operation>
		</file>
</modification>
 