<modification>
    <id>dd</id>
    <version>oc2 BETA dd version1.2</version>
    <vqmver>1.0</vqmver>
    <author>ocextensions.co.uk for cancer research</author>
    <file name="catalog/controller/product/product.php">   
        <operation>
            <search position="before"><![CDATA[$this->document->addScript('catalog/view/javascript/jquery/magnific/jquery.magnific-popup.min.js');]]></search>
            <add><![CDATA[$this->document->addScript('catalog/view/javascript/jquery/ddslick.js');]]>
            </add>
        </operation>
        <operation>
            <search position="after" index="1"><![CDATA[$this->load->language('product/product');]]></search>
            <add><![CDATA[                $this->load->language('product/dd');]]>
            </add>
        </operation>
        <operation>
            <search position="before" ><![CDATA[$data['text_select'] = $this->language->get('text_select');]]></search>
            <add><![CDATA[			$data['text_dd'] = $this->language->get('text_dd');]]>
            </add>
        </operation>
        <operation>
            <search position="after"><![CDATA[product_option_value_id]]></search>
            <add><![CDATA[                                                        'imagedd'                 => $this->model_tool_image->resize($option_value['image'], $this->config->get('config_image_cart_width'), $this->config->get('config_image_cart_height')),]]>
            </add>
        </operation>
        <operation>
            <search position="after"><![CDATA[$data['images'] = array();]]></search>
            <add><![CDATA[            $data['imagedd-height'] = $this->config->get('config_image_cart_height');]]>
            </add>
        </operation>
    </file>
    <file name="catalog/view/theme/*/template/product/product.tpl">   
        <operation>
            <search position="replace" index="4"><![CDATA[ class="form-control"]]></search>
            <add><![CDATA[ class="<?php echo (str_replace(' ', '', $option['name'])); ?> form-control"]]>
            </add>
        </operation>
        <operation>
            <search position="replace"><![CDATA[<option value="<?php echo $option_value['product_option_value_id']; ?>">]]></search>
            <add><![CDATA[<?php if(!isset($option_value['o_description'])) $option_value['o_description'] = ''; ?>
<option data-description="<?php echo $option_value['o_description'] ?>" data-imagesrc="<?php echo $option_value['imagedd']; ?>" value="<?php echo $option_value['product_option_value_id']; ?>">]]>
            </add>
        </operation>
        <operation>
            <search position="before"><![CDATA[<?php echo $footer; ?>]]></search>
            <add><![CDATA[<script type="text/javascript"><!--
    //When you edit or add class selectors (name of your option type Select) do NOT use spaces eg: $('.Select Now') MUST be $('.SelectNow') 

$('.SelectNow').ddslick({
    imgheight: "<?php echo $data['imagedd-height'] ?>px", //The PHP variable 'imagedd-height' is taken from system settings image cart dimensions - you can of course use "number+px".
    showSelectedHTML: true,                               // This toggles display of description text in selected option
    showFirstOption: true,                                //Shows or hides the first option (default --- Please Select ---)
    selectText: "<?php echo $text_dd ?>"                  //selectText taken from dd language file
    });
 
$('.Select').ddslick({
    imgheight: "25px",
    showSelectedHTML: false,
    showFirstOption: false,
    selectText: "Please make a selection"
    });
//--></script> ]]>
            </add>
        </operation>
    </file>
</modification>