<?xml version="1.0" encoding="UTF-8"?>
<modification>
	<id>Quick Order</id>
	<version>1.0.0</version>
	<vqmver>2.5.1</vqmver>
	<author>T1ma</author>
	
	<file name="catalog/controller/checkout/checkout.php">
		<operation>
			<search position="before"><![CDATA[public function customfield() {]]></search>
			<add><![CDATA[
			public function quickorder(){
				$json = array();
				
				if($this->request->post['quick_name'] == ''){
					$json['error']['quick_name'] = true;
				}
				
				if($this->request->post['quick_phone'] == ''){
					$json['error']['quick_phone'] = true;
				}
				
				if(empty($json['error'])){
				
					if (isset($this->request->post['quick_product_id'])) {
						$product_id = $this->request->post['quick_product_id'];
					} else {
						$product_id = 0;
					}
					
					$this->load->model('catalog/product');
									
					$product_info = $this->model_catalog_product->getProduct($product_id);
					
					$subject = "Quick order for ".$product_info['name'];
					
					$text = "Quick order for ".$product_info['name']."\n\n";
					$text .= "Name: ".$this->request->post['quick_name']."\n";
					$text .= "Phone: ".$this->request->post['quick_phone']."\n";
					if($this->request->post['quick_email'])
						$text .= "Email: ".$this->request->post['quick_email']."\n";
					if($this->request->post['quick_comment'])
						$text .= "Comments: ".$this->request->post['quick_comment'];
					
					
					$mail = new Mail($this->config->get('config_mail'));
					$mail->setTo($this->config->get('config_email'));
					$mail->setFrom($this->config->get('config_email'));
					$mail->setSender("http://example.com/");
					$mail->setSubject($subject);
					$mail->setText(html_entity_decode($text, ENT_QUOTES, 'UTF-8'));
					$mail->send();
					
					$json['success'] = true;
				}
				
				$this->response->setOutput(json_encode($json));
			}
			]]></add>
		</operation>
	</file>
	<file name="catalog/view/theme/default/*/product/product.tpl">
		<operation>
			<search position="before" index="3"><![CDATA[<?php if ($review_status) { ?>]]></search>
			<add><![CDATA[
			<div id="quick-order" class="row" style="margin-bottom:15px">
				<div class="col-sm-12">
					<h3>Quick order</h3>
					<input type="hidden" name="quick_product_id" value="<?php echo $product_id; ?>"/>
					
					<div class="form-group">
						<label class="control-label" for="quick-name">Name <span>*</span>:</label>
						<input type="text" name="quick_name" id="quick-name" class="form-control"/>
					</div>
					<div class="form-group">
						<label class="control-label" for="quick-phone">Phone <span>*</span>:</label>
						<input type="text" name="quick_phone" id="quick-phone" class="form-control"/>
					</div>
					<div class="form-group">
						<label class="control-label" for="quick-email">Email:</label>
						<input type="text" name="quick_email" id="quick-email" class="form-control"/>
					</div>
					
					<div class="form-group">
						<label class="control-label" for="quick-comment">Comments:</label>
						<textarea name="quick_comment" id="quick-comment" class="form-control"></textarea>
					</div>
						
					<div class="quick-button"><input type="button" id="quick-button" value="Order" class="btn btn-success"/></div>
					
					<script type="text/javascript"><!--
					$('#quick-button').bind('click', function(){
						$.ajax({
							url: 'index.php?route=checkout/checkout/quickorder',
							type: 'post',
							data: $('#quick-order input[type=\'text\'], #quick-order input[type=\'hidden\'], #quick-order textarea'),
							dataType: 'json',
							success: function(json){
								$('.error').remove();
								if (json['error']){
									if (json['error']['quick_name']){
										$('#quick-name').after('<span class="help-block">Enter your Name</span>');
										$('#quick-name').closest('.form-group').addClass('has-error');
									}
									if (json['error']['quick_phone']){
										$('#quick-phone').after('<span class="help-block">Enter your Phone</span>');
										$('#quick-phone').closest('.form-group').addClass('has-error');
									}
								}
								if (json['success']) {
									$('#quick-order div').hide().after('<div class="col-sm-12"><h3 class="text-success">Thanks, Quick order sent.</h3></div>')
								}
							}
						});
					});
					//--></script> 
				</div>
			</div>
			]]></add>
		</operation>
	</file>
</modification>