<modification>

	<id>Unique SEO Keyword</id>
	<version>1.0</version>
	<vqmver>2.1.5</vqmver>
	<author>Bright Red</author>
	<email>support@brightredmedia.com</email>
	<website>http://www.brightredmedia.com</website>

	<file name="admin/view/template/catalog/product_form.tpl" error="skip">
		
		<operation error="skip">
			<search position="after" offset="1"><![CDATA[<?php echo $keyword; ?>]]></search>
			<add trim="true"><![CDATA[<tr><td></td><td><div id="seo_keyword_msg" style="margin-top: 12px;"></div></td></tr>]]></add>
		</operation>

		<operation error="skip">
			<search position="replace"><![CDATA[<?php echo $keyword; ?>"]]></search>
			<add trim="true"><![CDATA[<?php echo $keyword; ?>" id="seo_keyword"]]></add>
		</operation>
		
		<operation error="skip">
			<search position="before"><![CDATA[<?php echo $footer; ?>]]></search>
			<add trim="true"><![CDATA[
			
<script type="text/javascript">

	$( "#seo_keyword" ).keyup(function() {

		$.ajax({
		    dataType: 'json',
		    type: 'POST',
    		url: 'index.php?route=catalog/product/checkKeyword&token=<?php echo $this->request->get['token']; ?>',
    		data: 'product_id=<?php echo $this->request->get['product_id']; ?>&keyword=' + encodeURIComponent($('input[name=\'keyword\']').val()),
		    success: function(result){
		      if (result.error) {
		        $('#seo_keyword_msg').html('<div class="warning">' + result.error + '</div>');
		      }
		      
		      if (result.success) {
		        $('#seo_keyword_msg').html('<div class="success">' + result.success + '</div>');
		      }
		    }
          });
          
	});

</script>
			
			]]></add>
		</operation>

	</file>
	
	<file name="admin/controller/catalog/product.php" error="skip">
		
		<operation error="skip">
			<search position="before" offset="1"><![CDATA[autocomplete]]></search>
			<add trim="true"><![CDATA[

	public function checkKeyword() 
	{
		$json = array();
		
		if (isset($this->request->post['product_id'])) 
		{
    		$product_id = $this->request->post['product_id'];
    	} 
    	else 
    	{
    		$product_id = 0;
    	}

		if (isset($this->request->post['keyword'])) 
		{
    		$keyword = $this->request->post['keyword'];
    	} 
    	else 
    	{
    		$keyword = '';
    	}

		$data = array(
    		'keyword'         => $keyword,
    		'product_id'        => $product_id
    	);

		if(strlen($keyword)>0)
		{
			$this->load->model('catalog/product');
			$results = $this->model_catalog_product->checkKeywords($data);
	
			if($results['total'] == 0)
			{
				$json['success'] = 'Success: The keyword you have entered is checked as unique.';
			}
			else
			{
				$json['error'] = 'Warning: The keyword you have entered is already used elsewhere on the site.';
			}
	
			$this->response->setOutput(json_encode($json));
		}
	}
	
			]]></add>
		</operation>

	</file>

	<file name="admin/model/catalog/product.php" error="skip">
		
		<operation error="skip">
			<search position="before" offset="1"><![CDATA[getTotalProductsByTaxClassId]]></search>
			<add trim="true"><![CDATA[
			
			   public function checkKeywords($data = array()) 
			   {
			   	  if($data['product_id'] > 0)
			   	  {
					  $query = $this->db->query("SELECT COUNT(`keyword`) AS total FROM " . DB_PREFIX . "url_alias WHERE keyword = '" . $data['keyword'] . "' AND query <> 'product_id=".(int)$data['product_id']."'");
			 		  
			 		  return $query->row['total'];
			   	  }
			   	  else
			   	  {
					  $query = $this->db->query("SELECT COUNT(`keyword`) AS total FROM " . DB_PREFIX . "url_alias WHERE keyword = '" . $data['keyword'] . "'");
			 		  
			 		  return $query->row['total'];
			   	  }
			 }
			
			]]></add>
		</operation>

	</file>
	
</modification>

