<modification>
	<id>VQMod Ecomteck - Customer Group Coupon (Frontend)</id>
	<version>1.0.0</version>
	<vqmver>2.3.0</vqmver>
	<author>ecomteck.com</author>
	<file name="catalog/controller/checkout/coupon.php">
		<operation error="abort">
			<search position="after"><![CDATA[$this->load->language('checkout/coupon');]]></search>
			<add><![CDATA[
					$data['list_coupons'] = "";
					ob_start();
			    	$this->event->trigger('get.customercouponlist.cart');
			    	$data['list_coupons'] = ob_get_contents();
			    	ob_end_clean();
				]]>
			</add>
		</operation>
	</file>
	<file name="catalog/view/theme/*/template/checkout/coupon.tpl">
		<operation error="abort">
			<search position="before"><![CDATA[<label class="col-sm-2 control-label" for="input-coupon">]]></search>
			<add><![CDATA[
				<?php
			    	echo isset($list_coupons)?$list_coupons:"";
			    ?>
				]]>
			</add>
		</operation>
	</file>
	<file name="catalog/model/checkout/coupon.php">
		<operation  error="abort">
			<search position="replace"><![CDATA[if ($coupon_product_data || $coupon_category_data) {]]></search>
			<add><![CDATA[
				// Customer 
				$coupon_customer_data = array();
				// Customer Group
				$coupon_customer_group_data = array();

				if ($coupon_query->num_rows && isset($coupon_query->row['coupon_id'])) {
					$this->load->model('eccustomercoupon/coupon');
					$this->model_eccustomercoupon_coupon->installECModule();
					// Customers
					

					$coupon_customer_query = $this->db->query("SELECT * FROM `" . DB_PREFIX . "coupon_customer` WHERE coupon_id = '" . (int)$coupon_query->row['coupon_id'] . "'");

					foreach ($coupon_customer_query->rows as $customer) {
						$coupon_customer_data[] = $customer['customer_id'];
					}

					$coupon_customer_group_query = $this->db->query("SELECT * FROM `" . DB_PREFIX . "coupon_customer_group` WHERE coupon_id = '" . (int)$coupon_query->row['coupon_id'] . "'");

					foreach ($coupon_customer_group_query->rows as $customer_group) {
						$coupon_customer_group_data[] = $customer_group['customer_group_id'];
					}
				}
				if ($coupon_product_data || $coupon_category_data || $coupon_customer_data || $coupon_customer_group_data) {
			]]></add>
		</operation>	
		<operation  error="abort">
			<search position="replace"><![CDATA[if (!$product_data) {]]></search>
			<add><![CDATA[
				
				if ($coupon_customer_data || $coupon_customer_group_data) {
						
						if (!$this->customer->isLogged()) {
							$status = false;
						}else{
							$status = false;
							$customer_group_id = $this->customer->getGroupId();
							$customer_id = $this->customer->getId();

							if(empty($customer_id) || in_array($customer_id, $coupon_customer_data)){
								$status = true;
							}
							if(empty($customer_group_id) || in_array($customer_group_id, $coupon_customer_group_data)){
								$status = true;
							}

							if ($coupon_query->row['total'] >= $this->cart->getSubTotal()) {
								$status = false;
							}
			
							$coupon_history_query = $this->db->query("SELECT COUNT(*) AS total FROM `" . DB_PREFIX . "coupon_history` ch WHERE ch.coupon_id = '" . (int)$coupon_query->row['coupon_id'] . "'");

							if ($coupon_query->row['uses_total'] > 0 && ($coupon_history_query->row['total'] >= $coupon_query->row['uses_total'])) {
								$status = false;
							}

							if ($this->customer->getId()) {
								$coupon_history_query = $this->db->query("SELECT COUNT(*) AS total FROM `" . DB_PREFIX . "coupon_history` ch WHERE ch.coupon_id = '" . (int)$coupon_query->row['coupon_id'] . "' AND ch.customer_id = '" . (int)$this->customer->getId() . "'");

								if ($coupon_query->row['uses_customer'] > 0 && ($coupon_history_query->row['total'] >= $coupon_query->row['uses_customer'])) {
									$status = false;
								}
							}
						}
						
					$ecchecked = $status;
				}
				if (!$product_data && ($coupon_product_data || $coupon_category_data) && ($coupon_customer_data || $coupon_customer_group_data)) {
					$status = false;
				}
				elseif (!$product_data && !$coupon_customer_data && !$coupon_customer_group_data) {	
				]]></add>
		</operation>

		<operation  error="abort">
			<search position="before"><![CDATA[if ($status) {]]></search>
			<add><![CDATA[
				if($status && isset($ecchecked)){
					$status = $ecchecked;
				}
			]]></add>
		</operation>
		<operation  error="abort">
			<search position="after"><![CDATA[return array(]]></search>
			<add><![CDATA[
				'eccoupon' => isset($ecchecked)?true:false,
			]]></add>
		</operation>
	</file>
</modification>