<modification>
	<id>VQMod Ecomteck - Customer Group Coupon (Backend)</id>
	<version>1.0.0</version>
	<vqmver>2.3.0</vqmver>
	<author>ecomteck.com</author>
	<file name="admin/model/sale/customer_group.php">
		<operation  error="abort">
			<search position="before"><![CDATA[public function getCustomerGroups($data = array()) {]]></search>
			<add><![CDATA[
				public function getCustomerGroups2($data = array()) {
					$sql = "SELECT * FROM " . DB_PREFIX . "customer_group cg LEFT JOIN " . DB_PREFIX . "customer_group_description cgd ON (cg.customer_group_id = cgd.customer_group_id) WHERE cgd.language_id = '" . (int)$this->config->get('config_language_id') . "'";

					$implode = array();
		
					if (!empty($data['filter_name'])) {
						$implode[] = "cgd.name LIKE '%" . $this->db->escape($data['filter_name']) . "%'";
					}

					if ($implode) {
						$sql .= " AND " . implode(" AND ", $implode);
					}
					$sort_data = array(
						'cgd.name',
						'cg.sort_order'
					);
						
					if (isset($data['sort']) && in_array($data['sort'], $sort_data)) {
						$sql .= " ORDER BY " . $data['sort'];
					} else {
						$sql .= " ORDER BY cgd.name";
					}
						
					if (isset($data['order']) && ($data['order'] == 'DESC')) {
						$sql .= " DESC";
					} else {
						$sql .= " ASC";
					}
					
					if (isset($data['start']) || isset($data['limit'])) {
						if ($data['start'] < 0) {
							$data['start'] = 0;
						}			

						if ($data['limit'] < 1) {
							$data['limit'] = 20;
						}
						
						$sql .= " LIMIT " . (int)$data['start'] . "," . (int)$data['limit'];
					}
						
					$query = $this->db->query($sql);
					
					return $query->rows;
				}
				]]></add>
		</operation>
	</file>
	<file name="admin/model/marketing/coupon.php">
		<operation  error="abort">
			<search position="before"><![CDATA[if (isset($data['coupon_product'])) {]]></search>
			<add>
				<![CDATA[
					$this->load->model('eccustomercoupon/coupon');
					$this->model_eccustomercoupon_coupon->installECModule();
					$this->db->query("DELETE FROM " . DB_PREFIX . "coupon_customer WHERE coupon_id = '" . (int)$coupon_id . "'");
		
					if (isset($data['coupon_customer'])) {
			      		foreach ($data['coupon_customer'] as $customer_id) {
							$this->db->query("INSERT INTO " . DB_PREFIX . "coupon_customer SET coupon_id = '" . (int)$coupon_id . "', customer_id = '" . (int)$customer_id . "'");
			      		}
					}
					$this->db->query("DELETE FROM " . DB_PREFIX . "coupon_customer_group WHERE coupon_id = '" . (int)$coupon_id . "'");
		
					if (isset($data['coupon_customer_group'])) {
			      		foreach ($data['coupon_customer_group'] as $customer_group_id) {
							$this->db->query("INSERT INTO " . DB_PREFIX . "coupon_customer_group SET coupon_id = '" . (int)$coupon_id . "', customer_group_id = '" . (int)$customer_group_id . "'");
			      		}
					}
				]]>
			</add>
		</operation>
	</file>
	<file name="admin/controller/marketing/coupon.php">
		<operation  error="abort">
			<search position="before"><![CDATA[$data['coupon_category'] = array();]]></search>
			<add><![CDATA[
				$data['entry_customer_group_coupon'] = $this->language->get("entry_customer_group_coupon");
				$data['entry_customer_coupon'] = $this->language->get("entry_customer_coupon");
				$data['help_customer_coupon'] = $this->language->get("help_customer_coupon");
				$data['help_customer_group_coupon'] = $this->language->get("help_customer_group_coupon");
				$data['text_generate'] = $this->language->get("text_generate");

				$this->load->model('eccustomercoupon/coupon');
				if (isset($this->request->post['coupon_customer'])) {
					$customers = $this->request->post['coupon_customer'];
				} elseif (isset($this->request->get['coupon_id'])) {		
					$customers = $this->model_eccustomercoupon_coupon->getCouponCustomers($this->request->get['coupon_id']);
				} else {
					$customers = array();
				}
				
				$this->load->model('sale/customer');
				
				$data['coupon_customer'] = array();
				
				foreach ($customers as $customer_id) {
					$customer_info = $this->model_sale_customer->getCustomer($customer_id);
					
					if ($customer_info) {
						$data['coupon_customer'][] = array(
							'customer_id' => $customer_info['customer_id'],
							'name'       => $customer_info['firstname']." ".$customer_info['lastname']
						);
					}
				}

				if (isset($this->request->post['coupon_customer_group'])) {
					$customer_groups = $this->request->post['coupon_customer_group'];
				} elseif (isset($this->request->get['coupon_id'])) {		
					$customer_groups = $this->model_eccustomercoupon_coupon->getCouponCustomerGroups($this->request->get['coupon_id']);
				} else {
					$customer_groups = array();
				}
				$this->load->model('sale/customer_group');
	
				$data['coupon_customer_group'] = array();
				
				foreach ($customer_groups as $customer_group_id) {
					$customer_group_info = $this->model_sale_customer_group->getCustomerGroup($customer_group_id);
					
					if ($customer_group_info) {
						$data['coupon_customer_group'][] = array(
							'customer_group_id' => $customer_group_info['customer_group_id'],
							'name'        => $customer_group_info['name']
						);
					}
				}
				]]></add>
		</operation>
	</file>
	<file name="admin/language/english/marketing/coupon.php">
		<operation  error="abort">
			<search position="before"><![CDATA[$_['heading_title']       = 'Coupons';]]></search>
			<add><![CDATA[
				$_['entry_customer_group_coupon']       = 'Customer Group';
				$_['help_customer_group_coupon'] = 'Choose all customers under selected group.';
				$_['entry_customer_coupon']       = 'Customers';
				$_['help_customer_coupon']       = 'Choose specific customers the coupon will apply to. Select no customers to apply coupon to entire cart.';
				$_['text_generate'] = 'Generate';
				]]></add>
		</operation>
	</file>
	<file name="admin/controller/sale/customer_group.php">
		<operation  error="abort">
			<search position="before"><![CDATA[public function add() {]]></search>
			<add><![CDATA[
				public function autocomplete() {
					$json = array();
					
					if (isset($this->request->get['filter_name'])) {
						$this->load->model('eccustomercoupon/coupon');
						
						$data = array(
							'filter_name' => $this->request->get['filter_name'],
							'start'       => 0,
							'limit'       => 20
						);
					
						$results = $this->model_eccustomercoupon_coupon->getCustomerGroups2($data);
						
						foreach ($results as $result) {
							$json[] = array(
								'customer_group_id'       => $result['customer_group_id'], 
								'name'              => strip_tags(html_entity_decode($result['name'], ENT_QUOTES, 'UTF-8'))
							);					
						}
					}

					$sort_order = array();
				  
					foreach ($json as $key => $value) {
						$sort_order[$key] = $value['name'];
					}

					array_multisort($sort_order, SORT_ASC, $json);

					$this->response->setOutput(json_encode($json));
				}
				]]></add>
		</operation>
	</file>
	<file name="admin/view/template/marketing/coupon_form.tpl">
		<operation  error="abort">
			<search position="before"><![CDATA[<?php if ($error_code) { ?>]]></search>
			<add><![CDATA[
				<span id="code" style="display: inline;"><b>[</b> <a id="code-generate" href="javascript:;"><?php echo $text_generate;?></a> <b>]</b></span>
				<script type="text/javascript">
					$( document ).ready(function() {
						$('#code-generate').click(function() {
							var html_loading = '<img src="view/image/loading.gif" class="loading" style="padding-left:10px">';
							$( "#code" ).append(html_loading);
							$.ajax({
						        url: 'index.php?route=module/eccustomercoupon/generateCoupon&token=<?php echo $token; ?>&coupon_id=<?php echo isset($coupon_id)?$coupon_id:0;?>',
						        dataType: 'json', 
						        type : 'get',
						        success: function(data){
						        $("#code").find(".loading").remove();
						        	if(data) {
						        		$("input[name='code']").fadeOut();
						        		$("input[name='code']").val(data.coupon_code);
						        		$("input[name='code']").fadeIn();
						        	}
						        	
						        }
						    })
						});
					});
				</script>
			]]></add>
		</operation>	
		<operation  error="abort">
			<search position="before"><![CDATA[<?php echo $footer; ?>]]></search>
			<add><![CDATA[
				<script type="text/javascript"><!--
					$('input[name=\'customer\']').autocomplete({
						'source': function(request, response) {
							$.ajax({
								url: 'index.php?route=sale/customer/autocomplete&token=<?php echo $token; ?>&filter_name=' + encodeURIComponent(request),
								dataType: 'json',			
								success: function(json) {
									response($.map(json, function(item) {
										return {
											label: item['name'],
											value: item['customer_id']
										}
									}));
								}
							});
						},
						'select': function(item) {
							$('input[name=\'customer\']').val('');
							
							$('#coupon-customer' + item['value']).remove();
							
							$('#coupon-customer').append('<div id="coupon-customer' + item['value'] + '"><i class="fa fa-minus-circle"></i> ' + item['label'] + '<input type="hidden" name="coupon_customer[]" value="' + item['value'] + '" /></div>');	
						}
					});

					$('#coupon-customer').delegate('.fa-minus-circle', 'click', function() {
						$(this).parent().remove();
					});

					$('input[name=\'customer_group\']').autocomplete({
						'source': function(request, response) {
							$.ajax({
								url: 'index.php?route=sale/customer_group/autocomplete&token=<?php echo $token; ?>&filter_name=' + encodeURIComponent(request),
								dataType: 'json',			
								success: function(json) {
									response($.map(json, function(item) {
										return {
											label: item['name'],
											value: item['customer_group_id']
										}
									}));
								}
							});
						},
						'select': function(item) {
							$('input[name=\'customer_group\']').val('');
							
							$('#coupon-customer_group' + item['value']).remove();
							
							$('#coupon-customer_group').append('<div id="coupon-customer_group' + item['value'] + '"><i class="fa fa-minus-circle"></i> ' + item['label'] + '<input type="hidden" name="coupon_customer_group[]" value="' + item['value'] + '" /></div>');	
						}
					});

					$('#coupon-customer_group').delegate('.fa-minus-circle', 'click', function() {
						$(this).parent().remove();
					})
				//--></script>
				]]></add>
		</operation>
	</file>
	<file name="admin/view/template/marketing/coupon_form.tpl">
		<operation  error="abort">
			<search position="replace"><![CDATA[<label class="col-sm-2 control-label" for="input-product">]]></search>
			<add><![CDATA[
		              <label class="col-sm-2 control-label" for="input-customer"><span data-toggle="tooltip" title="<?php echo $help_customer_coupon; ?>"><?php echo $entry_customer_coupon; ?></span></label>
		               <div class="col-sm-10">
		               	<input type="text" name="customer" value="" id="input-customer" class="form-control"/>
		               	<div id="coupon-customer" class="well well-sm" style="height: 150px; overflow: auto;">
		               		<?php if(isset($coupon_customer)){ ?>
			                    <?php foreach ($coupon_customer as $item) { ?>
			                    <div id="coupon-customer<?php echo $item['customer_id']; ?>"><i class="fa fa-minus-circle"></i> <?php echo $item['name']; ?>
			                      <input type="hidden" name="coupon_customer[]" value="<?php echo $item['customer_id']; ?>" />
			                    </div>
			                    <?php } ?>
		                    <?php } ?>
		                  </div>
		               </div>
		            </div>
		           <div class="form-group">
		              <label class="col-sm-2 control-label" for="input-customergroup"><span data-toggle="tooltip" title="<?php echo $help_customer_group_coupon; ?>"><?php echo $entry_customer_group_coupon; ?></span></label>
		              <div class="col-sm-10">
		              	<input type="text" name="customer_group" class="form-control" id="input-customergroup" value="" />

		              	<div id="coupon-customer_group" class="well well-sm" style="height: 150px; overflow: auto;">
		               		<?php if(isset($coupon_customer_group)){ ?>
			                    <?php foreach ($coupon_customer_group as $item) { ?>
			                    <div id="coupon-customer_group<?php echo $item['customer_group_id']; ?>"><i class="fa fa-minus-circle"></i> <?php echo $item['name']; ?>
			                      <input type="hidden" name="coupon_customer_group[]" value="<?php echo $item['customer_id']; ?>" />
			                    </div>
			                    <?php } ?>
		                    <?php } ?>
		                </div>
		              </div>
		            </div>
		            <div class="form-group">
		            <label class="col-sm-2 control-label" for="input-product">
			]]></add>
		</operation>
	</file>
</modification>