<?xml version="1.0" encoding="utf-8"?>
<modification>
    <name>Backgournd image change</name>
    <version>1.0</version>
    <author>Adnan Ahmad</author>
    <link>http://www.opencart.com</link>
    <file path="admin/language/*/setting/setting.php">
        <operation>
            <search><![CDATA[
            <?php
            ]]></search>
            <add position="after"><![CDATA[
            $_['entry_background_image']           = 'Background Image';
            $_['text_background_positon']           = 'Background Position:';
            $_['entry_background_positon']          = array(
                                            'fixed' => 'fixed',
                                            'cover' => 'cover',
                                        );
            ]]></add>
        </operation>
    </file>
    <file path="admin/controller/setting/setting.php">
        <operation>
            <search><![CDATA[
            $data['entry_google_analytics'] = $this->language->get('entry_google_analytics');
            ]]></search>
            <add position="after"><![CDATA[
            $data['entry_background_image'] = $this->language->get('entry_background_image');
            $data['text_background_positon'] = $this->language->get('text_background_positon');
            $data['entry_background_positon'] = $this->language->get('entry_background_positon');
            ]]></add>
        </operation>
        <operation>
            <search><![CDATA[
           if (isset($this->request->post['config_icon'])) {
            ]]></search>
            <add position="before"><![CDATA[
        if (isset($this->request->post['config_background_image_position'])) {
            $data['config_background_image_position'] = $this->request->post['config_background_image_position'];
        } else {
            $data['config_background_image_position'] = $this->config->get('config_background_image_position');
        }

        if (isset($this->request->post['config_background_image'])) {
            $data['config_background_image'] = $this->request->post['config_background_image'];
        } else {
            $data['config_background_image'] = $this->config->get('config_background_image');
        }

        if (isset($this->request->post['background_image']) && is_file(DIR_IMAGE . $this->request->post['background_image'])) {
            $data['background_image'] = $this->model_tool_image->resize($this->request->post['config_logo'], 100, 100);
        } elseif ($this->config->get('config_background_image') && is_file(DIR_IMAGE . $this->config->get('config_background_image'))) {
            $data['background_image'] = $this->model_tool_image->resize($this->config->get('config_background_image'), 100, 100);
        } else {
            $data['background_image'] = $this->model_tool_image->resize('no_image.png', 100, 100);
        }
            ]]></add>
        </operation>
    </file>
    <file path="admin/view/template/setting/setting.tpl">
        <operation>
            <search><![CDATA[<div class="form-group required">
                <label class="col-sm-2 control-label" for="input-image-category-width"><?php echo $entry_image_category; ?></label>
            ]]></search>
            <add position="replace" offset="2"><![CDATA[
            <div class="form-group">
                <label class="col-sm-2 control-label" for="input-icon"><?php echo $entry_background_image; ?></label>
                <div class="col-sm-10"><a href="" id="thumb-background-image" data-toggle="image" class="img-thumbnail"><img src="<?php echo $background_image; ?>" alt="" title="" data-placeholder="<?php echo $placeholder; ?>" /></a>
                  <input type="hidden" name="config_background_image" value="<?php echo $config_background_image; ?>" id="input-background-image" /><strong><?php echo $text_background_positon;?></strong><select name="config_background_image_position">
                    <option value="">-----</option>
                    <?php foreach ($entry_background_positon as $key => $value) { ?>
                     <option value="<?php echo $key?>" <?php if($config_background_image_position == $value) echo 'selected';?>><?php echo ucwords($value);?></option>
                    <?php }?>
                </select>
                <span class="text-success">If you Liked this extension and want to add more Options init then <a href="http://www.opencart.com/index.php?route=extension/extension/info&extension_id=17473" target="_blank">click here</a></span>
                </div>
            </div>
            <div class="form-group required">
                <label class="col-sm-2 control-label" for="input-image-category-width"><?php echo $entry_image_category; ?></label>]]></add>
        </operation>
    </file>

    <file path="catalog/controller/common/header.php">
        <operation>
            <search><![CDATA[$this->load->language('common/header');]]></search>
            <add position="before"><![CDATA[
            if (is_file(DIR_IMAGE . $this->config->get('config_background_image'))) {
            $data['background_image'] = $server . 'image/' . $this->config->get('config_background_image');
            } else {
                $data['background_image'] = '';
            }
            if ($this->config->get('config_background_image_position')) {
                $data['config_background_image_position'] = $this->config->get('config_background_image_position');
            } else {
                $data['config_background_image_position'] = '';
            }   
            ]]></add>
        </operation>
    </file>
    <file path="catalog/view/theme/*/template/common/header.tpl">
        <operation>
            <search><![CDATA[</head>]]></search>
            <add position="before"><![CDATA[
            <style type="text/css">
              body{
                background:url('<?php echo $background_image?>') no-repeat center top !important;
                <?php if($config_background_image_position == 'fixed'){ ?>
                background-attachment: <?php echo $config_background_image_position?> !important;
                background-size: cover !important;
                <?php }?>
                <?php if($config_background_image_position == 'cover'){ ?>
                -webkit-background-size: <?php echo $config_background_image_position?> !important; 
                -moz-background-size: <?php echo $config_background_image_position?> !important;
                -o-background-size: <?php echo $config_background_image_position?> !important;
                background-size: <?php echo $config_background_image_position?> !important;
                <?php } ?>
              }
            </style>
            ]]></add>
        </operation>
    </file>

</modification>