<modification>
    <id>Watermark large product images</id>
    <version>1.2</version>
    <vqmver></vqmver>
    <author>MaxD http://OpenShop.org.ua</author>

<file name="catalog/controller/product/product.php">

    <!-- Remove this section if you don't want to watermark main product image at product page -->
    <operation>
        <search position="replace"><![CDATA[ resize($product_info['image'], $this->config->get('config_image_thumb_width'), $this->config->get('config_image_thumb_height')) ]]></search>
        <add><![CDATA[ resize($product_info['image'], $this->config->get('config_image_thumb_width'), $this->config->get('config_image_thumb_height'), 'watermark') ]]></add>
    </operation>
    <!-- End of remove this section -->

    <operation>
        <search position="replace"><![CDATA[ resize($product_info['image'], $this->config->get('config_image_popup_width'), $this->config->get('config_image_popup_height')) ]]></search>
        <add><![CDATA[ resize($product_info['image'], $this->config->get('config_image_popup_width'), $this->config->get('config_image_popup_height'), 'watermark') ]]></add>
    </operation>
    <operation>
        <search position="replace"><![CDATA[ resize($result['image'], $this->config->get('config_image_popup_width'), $this->config->get('config_image_popup_height')) ]]></search>
        <add><![CDATA[ resize($result['image'], $this->config->get('config_image_popup_width'), $this->config->get('config_image_popup_height'), 'watermark') ]]></add>
    </operation>
</file>

<file name="catalog/model/tool/image.php">
    <operation>
        <search position="after"><![CDATA[
        $image = new Image(DIR_IMAGE . $old_image);
        ]]></search>
        <add><![CDATA[
        if ($type=="watermark") $image->mx_watermark();
        ]]></add>
    </operation>
    <operation>
        <search position="replace"><![CDATA[
        if ($width_orig != $width || $height_orig != $height) {
        ]]></search>
        <add><![CDATA[
        if ($width_orig != $width || $height_orig != $height || $type=="watermark") {
        ]]></add>
    </operation>
    <operation error="skip">
        <search position="replace"><![CDATA[
        public function resize($filename, $width, $height) {
        ]]></search>
        <add><![CDATA[
        public function resize($filename, $width, $height, $type = "") {
        ]]></add>
    </operation>
</file>

   
<file name="system/library/image.php">
    <operation>
        <search position="before"><![CDATA[ function watermark( ]]></search>
        <add><![CDATA[

        public function mx_watermark() {
        
            $image_width = $this->info['width'];
            $image_height = $this->info['height'];
         
            if(!imageistruecolor($this->image)) {
    		$tc = imagecreatetruecolor($image_width, $image_height);
    		imagecopy($tc, $this->image, 0, 0, 0, 0, $image_width, $image_height);
    		imagedestroy($this->image);
    		$this->image = $tc;
    		$tc = NULL;
	    }

            global $mx_watermark;
            if (empty($mx_watermark))
                $mx_watermark = imagecreatefrompng(DIR_IMAGE . 'watermark.png');

            $watermark_width = imagesx($mx_watermark);
            $watermark_height = imagesy($mx_watermark);

            
            // ================  WATERMARK POSITION ===================
            
            $watermark_x = ( $image_width - $watermark_width ) / 2;
            $watermark_y = ( $image_width - $watermark_height ) / 2;
            
            // ========================================================

            
            imagecopy($this->image, $mx_watermark, $watermark_x, $watermark_y, 0, 0, $watermark_width, $watermark_height);
    }

        ]]></add>
        </operation>
</file>

</modification>