<modification>
  <id>Compare in the header links</id>
  <version>2</version>
  <vqmver>2.5.0</vqmver>
  <author>ForgetfulGuru</author>
  <file path="catalog/controller/common/" name="header.php">
    <operation>
      <search position="before">
        <![CDATA[$data['text_wishlist']]]>
      </search>
      <add>
        <![CDATA[$data['text_compare'] = sprintf($this->language->get('text_compare'), (isset($this->session->data['compare']) ? count($this->session->data['compare']) : 0));]]>
      </add>
    </operation>
    <operation>
      <search position="before">
        <![CDATA[$data['wishlist']]]>
      </search>
      <add>
        <![CDATA[$data['compare'] = $this->url->link('product/compare', '', 'SSL');]]>
      </add>
    </operation>
  </file>
  <file path="catalog/language/english/common/" name="header.php">
    <operation>
      <search position="before">
        <![CDATA[$_['text_wishlist']]]>
      </search>
      <add>
        <![CDATA[$_['text_compare']        = 'Compare Products (%s)';]]>
      </add>
    </operation>
  </file>
  <file path="catalog/view/theme/*/template/common/" name="header.tpl">
    <operation error="skip">
      <search position="after"><![CDATA[<li><a href="<?php echo $wishlist; ?>" id="wishlist-total" title="<?php echo $text_wishlist; ?>"><i class="fa fa-heart"></i> <span class="hidden-xs hidden-sm hidden-md"><?php echo $text_wishlist; ?></span></a></li>]]></search>
      <add><![CDATA[<li><a href="<?php echo $compare; ?>" id="compare-header-total" title="<?php echo $text_compare; ?>"><i class="fa fa-exchange"></i> <span class="hidden-xs hidden-sm hidden-md"><?php echo $text_compare; ?></span></a></li>]]>
      </add>
    </operation>
  </file>
</modification>
